Column1,Column2,Column3,Column4,Column5,Column6,Column7,Column8,Column9,Column10,Column11,Column12,Column13,Column14,Column15,Column16,Column17,Column18,Column19,Column20,Column21,Column22,Column23,Column24,Column25,Column26,Column27,Column28,Column29,Column30,Column31,Column32,Column33,Column34,Column35,Column36,Column37,Column38,Column39,Column40,Column41,Column42,Column43,Column44,Column45,Column46,Column47,Column48,Column49,Column50
Politics49,Present69,fthomas@example.com,2021-04-18,ricky25@example.com,"{;!-,",YET,goal,"|[/""^",Church66,model,DIFFERENCE,LAND,Teacher88,1634,2021-10-05,7565,front,Inside33,9988,CULTURE,1648,2022-05-03,"-/$\,",authority,lmueller@example.com,huge,personal,~:/'^,+!_=+,357,|;\?},1323,icastro@example.net,2024-09-19,Performance98,Fight84,better,2022-10-26,opena@example.org,EYE,2023-12-18,darrenlawrence@example.net,2336,2020-01-12,2021-05-22,6400,Mother86,BOY,popular
'/=|`,Whole56,1725,2020-10-02,&)[.-,CLAIM,kevin33@example.net,6123,8971,Power11,2022-11-16,decide,hartmanjonathan@example.com,FEW,Head63,2877,2020-11-15,WORK,STATION,bethanyfisher@example.com,weaverkelly@example.net,&+(~<,^@\?:,${?>.,2020-11-03,2024-02-02,within,2022-12-17,5302,ogonzalez@example.com,Vote56,Sport90,contrerasmonica@example.com,1912,manage,2022-10-31,;~^@;,5970,LATE,|!@<],home,2023-04-20,'?-<[,Certain31,Nearly76,8719,`(@~;,compare,[;#}~,OTHERS
FOOT,9052,administration,produce,2021-01-10,sit,michaelpaul@example.org,reynoldsalex@example.com,AFTER,laurahansen@example.net,mission,2023-03-08,FOUR,Laugh54,emilybenson@example.org,5149,jacob67@example.org,THEN,a,What72,2023-06-10,"[~<,]",us,\<()|,2024-10-18,dhill@example.org,nicholslisa@example.org,PARTICULARLY,3148,Treat40,rachel86@example.org,2023-09-29,Purpose66,OIL,Firm22,HOPE,2020-09-02,2024-07-27,";,@]?",Bed90,OPERATION,2020-12-25,5255,outside,Accept61,8956,isaiahgonzalez@example.org,Television59,clogan@example.com,know
AREA,6998,yherrera@example.com,~}@-=,"'>=(,",Never12,2023-03-25,2022-09-25,would,BABY,|`_=<,2020-06-30,CAMPAIGN,uwalker@example.net,POSITION,2021-10-24,Picture73,5824,3230,3111,too,8523,recently,HOSPITAL,Show81,<:{&^,lisawashington@example.net,2024-03-02,"}<<,,",MY,#?-_>,2020-12-02,|.?/|,smithderrick@example.net,News56,THOUSAND,?<:?=,prepare,5435,2024-01-22,"[]/$""",3364,;>^**,bruce63@example.com,Edge93,;<_#^,4284,fast,7475,2024-05-22
Must39,fact,single,8717,EFFECT,$_:/!,2062,2023-04-17,3738,johnsonshane@example.com,visit,Herself69,GROUP,Once68,security,2024-02-12,PRODUCT,Far34,financial,rhonda46@example.com,spring,NOR,Wife65,necessary,Lay19,project,experience,BE,2024-11-21,/@$-*,"[/,?=",2024-01-05,TALK,INDEED,IMAGINE,PROGRAM,taylorgina@example.org,THANK,BASE,BE,2022-04-09,teresa42@example.com,2024-03-13,4642,Morning53,+;&%/,jeffery30@example.net,break,GROW,+=+[\
gregoryzachary@example.org,OTHER,royangela@example.org,"@$"";\",Everybody96,2022-07-06,2024-10-02,per,authority,Game88,HUSBAND,sherricook@example.net,5681,Health29,add,style,ENTER,2021-05-18,%$^>{,DETERMINE,MANAGE,thompsonsavannah@example.org,462,"]&""%$",Size52,4957,harrisjennifer@example.org,2020-05-10,2022-07-10,Source60,179,SPECIFIC,7995,1986,kathy50@example.net,2021-09-10,CONGRESS,Land29,Edge74,"^;'>,",6098,2012,TAX,safe,holtemma@example.net,awoodard@example.net,2022-10-14,KID,SEAT,cgregory@example.com
1446,expert,2023-12-17,OUTSIDE,HIMSELF,Build10,ARRIVE,:=`_~,2024-04-30,stevenlee@example.com,taylorlinda@example.com,7097,defense,",[&@?",~\-(),2020-08-26,.._[<,".#,@'",]&}:$,Either90,robert66@example.org,expect,Whose26,Different10,967,2021-10-10,+[@!>,"~$""""!",Do42,dianaharrington@example.net,8266,SUPPORT,century,carolwilliams@example.org,MAINTAIN,SPEECH,him,Tough23,2021-08-10,IF,6983,2023-10-04,4316,2022-08-15,Reflect20,POSITIVE,GOAL,Where39,davidowens@example.net,Every96
>|}.+,town,MR,[|*%:,",)'<&",2023-12-01,DROP,recognize,sheila38@example.org,more,7535,Why75,Address63,*')](,Skin47,[*&)&,most,COLLEGE,Later26,would,air,Finally45,aarongonzalez@example.net,senior,mr,6686,NOTICE,SCENE,safe,7451,Movement71,.`)~\,5380,2021-11-11,2023-08-24,Floor61,TAKE,5356,HIS,bgreen@example.org,Animal84,douglasscott@example.com,9789,2024-10-29,PUT,7810,2024-01-29,2021-08-04,OF,2024-03-22
Quite74,Whom85,4529,Soldier37,2024-06-20,walkersara@example.com,victoriaallen@example.com,goodwinvalerie@example.net,smithtracy@example.net,food,9606,Gun20,best,technology,Box47,6816,2023-08-07,WISH,jeremy68@example.com,7210,2024-03-18,samuelturner@example.com,PARTY,2021-03-25,executive,Suddenly44,nice,?<\}*,BILL,"""-~`[",davissteven@example.net,Learn53,2023-06-10,3198,AND,jsnyder@example.com,[(_&$,man,Low75,uperry@example.com,affect,How59,dianaking@example.net,Shake52,$^!^],2068,2020-03-06,521,2023-11-23,INDICATE
MEDIA,Fund40,8144,beverly69@example.net,joseph35@example.com,2216,upon,2021-11-28,;'%+@,*')'_,\{|%\,Contain25,2023-06-15,DOOR,2021-12-09,4834,smithrachel@example.net,pvelez@example.net,2024-06-17,4511,many,3309,"[$@;""",Key93,":=.~""","]+\*""",reginahines@example.org,FINISH,8639,gun,CURRENT,2023-04-04,WALK,{+`%%,FEW,2023-11-09,2072,2020-08-16,1025,2022-01-12,zachary08@example.com,$;`$<,7014,American80,first,douglaslori@example.org,MRS,smithtyrone@example.org,Sing61,2022-02-17
MONEY,2023-10-16,4805,memory,jeffreybrown@example.com,2021-08-05,watsonjoseph@example.com,Past75,2022-09-18,4276,Answer46,2021-06-29,agree,CHALLENGE,:}+;`,YEAR,RECENT,2021-04-08,haynesmichelle@example.net,Instead75,3085,7660,{)_/.,man,late,Vote56,_<~|=,2020-04-08,Involve14,ASSUME,skin,2023-08-24,Nice84,lisabrown@example.org,2921,FEELING,2023-02-22,erintaylor@example.org,;=)@;,2022-01-18,2023-10-04,Consider12,Service64,Time30,Yeah75,michaelmartin@example.org,}>~?:,2023-11-17,lisa70@example.net,"&-""}+"
!;$;{,michael11@example.com,`*:@-,\}\:\,9122,art,upage@example.org,fvillarreal@example.org,represent,watsonrichard@example.com,2024-10-23,Successful85,Walk46,tapiajames@example.net,teach,POSITIVE,5624,2024-03-23,CONFERENCE,maria98@example.com,4989,sanchezmary@example.com,ONTO,"_,>&#",5902,modonnell@example.com,5775,sing,REFLECT,Once60,Region30,5697,1447,6671,market,HOUR,zingram@example.org,Hear11,RELATE,FLY,by,2022-10-24,2020-06-29,1627,Last85,2021-01-20,Myself34,kathleengarcia@example.org,Ten68,Ahead65
:.)&',1137,AGREEMENT,someone,STAY,democratic,design,2023-02-10,)-={_,tamara57@example.net,2023-04-13,HIGH,BAG,PART,`?[=?,glenkoch@example.net,FIRE,3981,itself,PROVE,$-~]*,Within29,=(}@',1681,2020-02-11,timothy20@example.net,;$;\.,5427,2021-03-01,jennifer28@example.org,6986,8466,2540,amber11@example.net,CUT,RED,2021-03-25,political,2020-05-21,Dark12,THOUSAND,Hit40,Particular50,jason84@example.net,BIG,9134,juan26@example.net,7346,and,2023-12-02
?^#|{,Unit22,7459,May80,|;;\&,\!@//,michael68@example.org,Get92,2024-12-16,2742,often,across,picture,nothing,Five42,norrisstephanie@example.com,2024-11-18,ANYTHING,2265,POLITICS,2021-02-08,FISH,2020-04-04,___=*,interview,zrivera@example.net,LIST,2998,meadowstrevor@example.net,)|?:^,7515,;:=_#,article,.:\/:,920,jason84@example.com,lonnie99@example.org,2021-09-22,REALLY,2021-12-07,change,=(>?],2021-10-31,james31@example.net,RELATE,Heart75,601,2021-07-15,1808,Table78
CELL,PLAYER,2024-01-23,joycemcdaniel@example.com,eddie40@example.com,ericjones@example.net,2021-04-16,=}'&$,study,($]!',5504,mandy80@example.net,RELIGIOUS,expect,glass,!<<|^,TO,Fight61,Probably90,I,Career13,Then36,SPORT,)%}..,7641,6172,return,rule,design,Green17,2023-01-22,And17,4878,Process31,8908,2024-06-19,6502,2023-12-24,9104,",!|<~",umontoya@example.net,social,2023-11-22,5395,Whom88,before,.\][(,1523,dawn92@example.net,mother
2023-09-28,james20@example.org,know,1131,8733,During65,Term81,7969,valerie89@example.net,7124,4609,break,">,%,?",5120,7365,detail,`=[]),4334,2024-05-14,CAR,consider,cameronchristopher@example.net,2022-03-02,Chair21,MOVE,QUICKLY,austin19@example.net,2020-04-13,If74,katherine08@example.net,Collection34,5693,surface,voice,6034,beasleyshane@example.org,1659,CULTURE,traditional,2022-09-18,2022-08-29,380,2020-08-15,SCHOOL,OF,.][/?,Develop90,Somebody52,mention,Traditional61
chris26@example.net,9088,2023-08-21,THEM,2164,product,_^%$<,2023-01-30,Say50,charding@example.com,2020-02-19,Skill41,2021-01-05,3930,something,MACHINE,2022-01-05,_<#]&,Thousand96,2022-03-25,HEAR,CALL,edge,coxerica@example.org,2021-03-21,such,4298,6511,\%&$@,4548,scientist,4865,kid,practice,'+!}%,Save71,]&\*!,lauren22@example.net,OWNER,austindiana@example.org,wilsondavid@example.com,&/#&-,Time60,Far72,2343,darlenecook@example.com,4907,This36,"}&&,?",2024-02-14
6470,Option21,+{$#>,THIRD,$'(&>,GLASS,*~&*&,{];+),Lot90,BUSINESS,leeowen@example.org,LOCAL,ppowell@example.org,6240,goal,2020-08-16,MOUTH,3197,Few57,^'}=$,4521,theory,1541,1952,Professor94,2022-03-06,jonathan40@example.org,My90,~$#?&,2023-10-18,2023-07-14,summer,WHERE,sport,1292,\'`.\,Push95,6831,1719,WILL,Trouble34,2022-01-05,2023-11-06,NEWS,!\%:@,trip,1954,2020-11-30,9062,FORWARD
2022-07-12,floreswilliam@example.org,2022-05-30,3378,CONTINUE,cost,GIRL,|)!+%,2020-04-11,2172,amedina@example.org,meyerbarbara@example.com,PROVE,2022-04-20,2024-01-18,Discover30,timothy99@example.org,PIECE,Suffer84,576,You26,6417,ustewart@example.org,1305,AVOID,>!}*-,recently,<\*[/,US,2020-12-24,8288,angela19@example.net,2024-11-14,whatever,Sit44,Wait12,Others29,9589,2020-04-17,2022-10-19,7026,Artist58,5123,roberto84@example.com,WHATEVER,Door43,2628,STREET,"^_]\,",THREE
1437,SERIOUS,2024-12-05,tracy46@example.net,Stay98,Scene67,MUSIC,"*""#)~",Son71,Agree27,GOOD,DARK,9814,\_:+%,pdalton@example.org,PEOPLE,?_|.;,'->(#,carternancy@example.com,Present90,APPEAR,9064,PROBABLY,zimmermanbrandon@example.net,/<.?+,2023-09-11,Strategy78,deborahdean@example.org,",(':_",3034,brittany86@example.org,~&^%|,Leg22,FOLLOW,drakekayla@example.com,9837,BUY,dog,#|}:-,enjoy,add,)`=?],ugray@example.com,once,2023-10-02,1237,"+,>;,",&^[+&,9501,COMPANY
Yes39,242,VOICE,2020-06-05,\}^&@,xmartin@example.org,MISS,3644,5240,owenstyler@example.net,5556,Just25,9455,animal,9830,markmoreno@example.org,Happen16,\[]_/,769,jacksonscott@example.org,fhatfield@example.org,style,9780,!'/;.,ANSWER,scottbrooks@example.net,First82,Whom41,2021-09-29,zyork@example.com,7026,RISK,MOST,Day38,manage,Can19,!;#.',8393,Hear43,station,simply,walk,2022-07-08,=);((,";^]/""",Quite31,OK,9414,Water99,",&:@`"
xjones@example.net,ganderson@example.net,[`^);,STATION,louis22@example.net,9740,:)\<^,2024-02-03,}_`;*,$]&{`,PERFORMANCE,expert,9048,3483,True52,2020-10-10,7043,His77,1592,EASY,tinagarcia@example.com,PARTNER,maria27@example.com,may,1011,9822,sign,KID,+{.~\,CONFERENCE,worry,calebcarter@example.net,pstone@example.com,8296,=-(<+,Same51,#~-<],#)/^~,/|:;=,2024-11-27,Age69,1321,congress,693,5356,/'=+},tonya19@example.org,relate,Manage70,ubrown@example.org
2600,2024-09-16,Maybe56,TOO,Despite93,democratic,quickly,2022-01-13,Treatment97,:|<$+,FEAR,4307,Major44,olsonjohn@example.org,jason42@example.net,(>-);,jeffreysanford@example.net,2023-11-13,Nice95,2022-04-29,thought,Against91,PERFORMANCE,amarshall@example.com,2022-03-12,"""{""`%",2359,2021-12-11,@~%#@,6056,2024-05-25,wbrandt@example.org,melissacastro@example.org,SAVE,Wrong27,Amount92,debra67@example.net,4145,2020-10-05,MOVE,care,5044,_@:|#,FOLLOW,2023-10-15,"""#,)@",qlee@example.com,Institution32,Their19,Baby82
/'`|<,two,Available20,?!')[,nearly,2022-09-14,2024-04-07,offer,]}]>$,Artist36,Heart50,9472,Floor31,PLAY,letter,Beautiful71,music,Want13,*<\$-,ESTABLISH,2159,Rule93,these,kimberlyharrison@example.com,[<*-/,2024-07-13,Worry78,gregoryortiz@example.com,2024-09-11,2021-04-30,!@*$},research,Law25,2024-09-26,9437,dominic49@example.com,Official22,2023-06-21,Human61,Partner77,Build36,2022-03-02,free,father,no,Picture12,manage,3119,Song71,olsoncourtney@example.org
Along50,hartsarah@example.org,3641,difficult,$@'[=,2021-10-09,brianarichardson@example.com,2022-08-08,2023-12-16,ASSUME,5466,result,:??}!,#.-|*,2023-05-28,summer,kyle25@example.com,2022-12-02,2021-02-17,2999,mary70@example.net,SHE,5705,2020-10-30,TECHNOLOGY,team,Probably18,>-->#,3558,2023-07-04,HAPPY,Half94,ruiztimothy@example.net,3474,pm,Manage91,<=@;&,520,2022-02-19,rlittle@example.com,Agree29,steven85@example.com,accept,+^:~(,Interest11,story,WEST,TREATMENT,2023-08-01,four
christinasimmons@example.com,dianaduran@example.org,SEAT,Pm36,gmcgee@example.net,2021-10-16,Public59,case,2023-01-18,sallyhoffman@example.net,2024-02-17,A87,not,change,2022-08-21,Arm74,DECADE,677,stuff,2023-03-21,`#-&&,9813,2021-05-10,7982,RECOGNIZE,2233,1067,kyleroberts@example.com,discussion,8520,3380,9682,Customer73,1510,2023-04-26,3489,SONG,=]+=%,:`!`#,charge,Theory84,.`?}-,8731,-:(.+,%%{^\,2023-06-21,Agreement35,"[`:<,",crystalpena@example.org,irodriguez@example.org
2023-01-01,HISTORY,$[(~$,Southern59,Free11,FILL,bcombs@example.org,[?)!\,waynevelasquez@example.org,LIGHT,Music45,remember,"',+&&",+(/~`,Back69,3176,past,among,2022-02-20,Quickly66,zacharymathis@example.com,1870,299,VISIT,2024-04-22,+\.?|,THUS,Help29,rkelly@example.org,|{]*),keithortiz@example.net,2134,gary42@example.org,6942,through,&)\%[,Personal59,PLAY,2020-10-22,harrisbrandy@example.net,6486,Responsibility29,Time54,design,Offer76,GROW,BEHIND,#][<;,9820,travel
although,3776,2021-06-09,2021-04-03,2021-11-20,bed,ANIMAL,2020-02-09,nearly,2021-04-19,Top33,CANDIDATE,"/,,%,",2024-05-30,9082,5002,2021-07-27,anthonywalter@example.net,2022-04-17,Not75,SEND,7625,2021-05-08,tlee@example.net,!|$*\,212,%}?@.,2023-12-27,Across39,air,hotel,walkerraymond@example.net,Performance59,CURRENT,|!`(=,STRONG,Program44,jessica87@example.net,identify,2021-06-01,2024-09-06,>+--.,>!#._,REACH,[^'$$,6488,ellismichael@example.net,3058,2022-10-22,745
ellisonmichael@example.org,ABILITY,every,"""?={""",Most13,:!}=#,Must14,market,BOY,Past26,parent,Eat96,"#[+"">",$+-;+,item,DIFFERENCE,jillle@example.com,APPLY,2024-08-10,sarachen@example.net,2020-09-20,almost,Ask86,2503,2023-01-26,2021-09-28,NEW,opportunity,"^,@[/",2024-03-27,usmith@example.org,turnerjeremy@example.org,valerieanderson@example.org,9314,Power97,/({?),2021-10-29,manuel80@example.com,Store38,2020-09-09,Focus14,MAJOR,SOURCE,SET,speak,9138,before,";%!""`",718,MY
&()[;,2022-11-03,OFF,too,&.\+\,employee,2022-06-09,LOW,andrewcharles@example.org,Soon54,\.</=,robertjones@example.com,9844,2021-10-22,Reveal60,7504,NICE,audience,!>##|,build,2021-02-25,TV,2023-07-06,careyrobert@example.com,jennifer84@example.net,Money98,affect,433,THEMSELVES,7524,information,Happy85,2020-10-07,guy,FACT,PROVIDE,Clearly46,UNDERSTAND,"+_}]""",former,1796,9722,GROW,MEMBER,WONDER,6096,HOUSE,NETWORK,odunn@example.net,VERY
kendra76@example.com,explain,Drop83,above,SONG,Week44,2021-06-20,2022-07-15,BEST,tiffany66@example.org,DURING,wjohnson@example.org,2020-07-20,BILL,SERIES,operry@example.net,not,2022-10-07,EVERY,1370,CONCERN,2020-02-14,space,4883,Point75,PREVENT,2022-06-20,3924,298,MEAN,2021-01-28,7495,charlescopeland@example.org,2024-10-06,4508,jessica98@example.com,6673,[}$!&,rbrown@example.org,Two27,mr,"""]$@[",kirkteresa@example.net,American36,involve,791,`$.@:,michael12@example.com,whitneymatthew@example.org,again
Party86,rogerskelly@example.net,2024-11-12,i,937,BASE,2023-09-02,4237,longcheryl@example.net,qhamilton@example.org,shannonprice@example.com,Over62,*;;|_,expect,2020-11-15,;:[?/,Suggest36,success,2020-07-18,she,jjuarez@example.com,morgan61@example.org,2022-10-29,2021-07-22,3359,LIGHT,johnwilliams@example.com,OFFICIAL,THESE,@~/.>,COLLECTION,`%;$-,WORLD,6756,IN,TV,2023-01-27,BETWEEN,mitchelljoyce@example.net,Long10,Law43,force,(&-%!,mind,Seek25,">+""<+",budget,STATION,979,have
6354,9682,scene,2021-07-01,LIKELY,FUND,Sense99,jay57@example.org,531,}.+'&,Left41,week,amanda89@example.org,$}%|^,ashleydavis@example.org,DEMOCRAT,SENIOR,Commercial92,Force35,suffer,2024-10-07,project,grantdavid@example.org,Near37,Bank56,2022-04-24,five,Director47,@*.}.,degree,LEARN,:&[{*,2021-04-15,2024-07-23,2023-09-18,drug,"""<<~:",william75@example.com,2022-12-04,tree,True47,2020-04-05,MIND,traci19@example.org,RULE,traditional,%*+$\,ahancock@example.net,Old38,TOWN
9224,"^&""""%",2022-07-10,"),*$]",WHOM,everyone,CHALLENGE,6583,8351,YEAR,2022-06-19,Meeting12,Left28,2021-07-31,"+~)"")",determine,"`(=""=",2020-07-29,MAN,bank,improve,DISCOVER,factor,budget,4246,pbrown@example.org,Total71,-?>^],choose,robert31@example.org,INFORMATION,9277,Someone48,2024-01-12,$+]/;,Every22,</#-^,Strategy61,6267,]|=<\,Young43,Series99,North96,2020-07-11,%//.',woman,toward,2021-08-16,8676,#&#>*
302,<;?%&,WEEK,2023-10-27,"(;""_-",8357,5012,yolanda49@example.net,2023-06-26,begin,">""%\]",%=`\~,Couple34,3911,KNOWLEDGE,vaughanmelinda@example.net,dthompson@example.org,[*[$],smiththeodore@example.org,2367,2023-04-24,fast,NEAR,archerstephen@example.org,<#*\=,petersonkimberly@example.org,WOULD,692,moment,colemanlauren@example.org,case,destinywilliams@example.org,GOAL,cultural,MIND,lsmith@example.net,2023-04-03,reason,2028,1504,~}}-/,2021-02-11,2024-05-30,2024-02-23,4211,(`+\(,davidellison@example.net,justinvasquez@example.net,Us28,realize
PARTY,ghawkins@example.com,blevinsbrooke@example.net,2024-07-08,2022-06-29,.];}},International51,FIELD,7884,Out26,`#@\%,2020-01-14,Campaign63,particular,TRUTH,938,2021-09-25,>`<*},2024-04-06,Political57,OLD,bowmanchristine@example.net,project,similar,7997,2021-07-30,HE,amy16@example.org,\#)|@,2024-04-08,2022-04-23,#@$`=,christophermartin@example.net,real,firm,SPECIFIC,top,2021-12-15,Set22,5561,Gun74,SIMPLE,~=.`?,event,than,imagine,Decision69,<{}!|,4241,*^^+:
Wind27,6237,BEFORE,a,4777,SOUTH,Big32,5874,207,lkelley@example.net,Southern32,5793,Radio66,recent,decide,rayhernandez@example.com,2023-11-14,mr,447,SING,RESOURCE,2725,~(-=<,RECOGNIZE,rather,qgross@example.net,576,>?{]`,7068,force,Everything74,kimberlydunlap@example.net,teresasimon@example.net,_|)~~,9976,4853,2022-03-27,2020-12-26,9594,2022-10-27,"==""$}",2022-04-27,nroth@example.org,connie63@example.com,alexandriahebert@example.com,Simple25,Another38,.@\&;,|-'`$,GAME
2020-01-04,"|'""><",THIRD,)`.^],7528,brittanyparker@example.com,bautistalori@example.com,None57,4342,2023-09-28,Approach89,Professor35,SEND,PLACE,vargasjennifer@example.org,*?'@[,2516,nation,Worker60,",~:^^",answer,*|/=^,Inside11,sport,WEAR,Seem24,2022-05-08,Consider50,james73@example.net,2024-09-02,1648,forget,when,CUSTOMER,SERVE,2023-03-01,Hear39,7035,2023-11-15,|-@\_,.={%$,|&)(',3520,2023-02-18,BETWEEN,2022-05-25,`><&%,speech,Stop13,fcook@example.net
PLAN,PRETTY,{!+:^,final,into,7861,CHARACTER,City23,timothy43@example.net,Never15,Word35,PASS,people,Thus10,Issue80,:=}<:,mmoreno@example.org,exactly,2021-08-16,TAKE,2024-10-23,Attention35,5929,2022-08-17,some,2020-06-13,"',$^)",2023-07-03,2024-04-24,8636,2020-08-18,attorney,bill,GOVERNMENT,3406,bradleycorey@example.com,1109,2024-10-06,Rather77,SORT,Management21,almost,"@,@;`",2022-05-14,Around58,CLAIM,2024-05-31,subject,Impact52,FILL
any,zgreen@example.com,2021-09-09,williamsjeffrey@example.org,]*;%^,Across24,2021-08-23,Control24,SINCE,">:,>;",PRICE,davidhebert@example.org,2021-01-06,OFTEN,maintain,jesse23@example.org,From59,fieldsjames@example.net,ARRIVE,Arrive92,?<-?=,"=""*?|",7786,$](}?,8278,#!<#[,4868,break,build,Author71,scottfriedman@example.org,2490,3463,5558,omcpherson@example.com,8031,6314,2024-01-15,3773,EYE,2021-01-31,receive,9225,carterjasmine@example.org,:}.)!,2024-11-16,Physical13,reduce,*^[)^,:]@!)
FRIEND,SPECIAL,MANY,.*^\@,development,scollier@example.net,2023-02-03,inside,7746,carol12@example.net,PRODUCE,7542,('@*',DOWN,2022-05-14,2023-09-24,2022-11-15,_\$>*,PROCESS,lfowler@example.org,8791,",^<{^",2021-07-01,Option13,chelsea45@example.net,)@///,impact,[^|(-,annanguyen@example.org,htyler@example.org,ARTICLE,FIGHT,8633,randy88@example.net,NICE,[!}%%,rmills@example.org,>#^|!,measure,2021-10-02,Defense33,2022-03-06,real,NEW,'#>-),ramirezjack@example.com,Politics16,gregoryreeves@example.com,Stand69,8347
Human66,7603,AT,michael79@example.net,-`:.#,Hope52,Reality10,2024-10-21,Operation87,Firm71,2022-02-28,POPULAR,-{)(>,2022-07-02,4613,richard64@example.org,$/?(],Approach99,major,deleonmeghan@example.net,3212,happy,darrellbryant@example.com,1842,See27,"]|""=!",travis97@example.com,play,hpetersen@example.com,while,Sure98,usually,2022-01-17,robert66@example.net,3539,"-.[,#",xhughes@example.org,Apply89,SISTER,Hard23,Pull14,Time36,2021-08-06,darlene72@example.net,SUPPORT,2024-09-26,Successful91,+%&!(,2020-01-28,2022-10-02
While90,Three46,WAIT,2024-11-08,2023-03-03,2923,4361,?<_(%,|=>&{,"""@:-?",eight,STANDARD,murphykatherine@example.org,cookdanielle@example.net,Then70,2024-07-30,896,6126,Keep69,2558,Both43,PROVE,Detail69,today,good,Think97,reyesbrian@example.org,2020-01-28,5323,(<('>,agarcia@example.org,former,ADMIT,"${|%,",Hard38,Generation64,2021-04-13,card,IMPORTANT,2024-05-17,kevinhernandez@example.net,2024-12-10,alan89@example.com,FATHER,thompsonalan@example.net,2023-03-28,zjackson@example.com,challenge,campbelltammy@example.net,BEAUTIFUL
dawngarrison@example.com,xmason@example.org,2502,feeling,man,TRADITIONAL,5076,2022-11-11,2020-02-02,2021-08-15,Simply36,9969,CALL,(+((.,one,INSIDE,lisa97@example.org,]\&|+,7981,2002,KNOW,6612,and,$:}_],Through80,BUILD,apeck@example.org,Wish80,treat,",)~~^",dstrickland@example.net,benjaminwilliams@example.com,2022-05-05,DAY,3085,USE,2023-06-08,6276,elizabethsalas@example.net,Table87,a,3404,OFFICE,2022-02-05,kendratate@example.net,juarezchad@example.net,COURT,2020-09-24,Work60,life
2021-03-24,2022-05-19,2021-06-16,5039,Foot75,2023-12-12,possible,support,:{/#>,simple,&%?|},2976,Image12,RATHER,Seek85,",`:`~",congress,>}~][,3409,DECADE,:=>=',christopheredwards@example.org,YET,'<'@:,SUGGEST,ENVIRONMENT,Nature18,\-_)~,DRUG,"\.#,$",save,2022-05-28,hillraymond@example.org,5024,michaelcowan@example.org,2024-06-21,Itself54,6839,}\=\@,smithcory@example.net,4093,",""(@=",OPPORTUNITY,"{+},|",6435,Identify20,6712,7432,clarkscott@example.net,May35
marriage,navarroangela@example.com,EXECUTIVE,2023-11-24,2024-04-10,2023-12-28,NOTHING,vincentwalters@example.org,officer,1323,increase,taylorrebekah@example.com,garyhowell@example.net,opalmer@example.org,2021-10-16,Sometimes82,2021-08-27,cut,WATER,={[<#,Along87,7732,brian15@example.com,amandashaffer@example.org,802,LONG,wkane@example.com,~%(*/,APPROACH,art,5811,2023-04-14,9570,2021-01-02,2023-04-14,discuss,)-.);,bag,PERSONAL,4976,greenejeffrey@example.com,HOW,>?/=?,2022-09-16,STYLE,weekskimberly@example.com,~-_&+,6181,2024-09-12,act
2945,LAY,5791,Enter14,Reveal65,Course27,",|@{?",!!-\\,Occur72,rachel93@example.com,njohnson@example.com,andersoncatherine@example.com,community,6781,You65,4094,Spend82,area,Treat31,)~!_|,$$}:^,bretthoover@example.com,craig56@example.net,2024-08-14,ashleystephenson@example.com,elizabeth32@example.com,Down16,2024-06-07,Party73,2021-10-02,@}&];,#/`@#,*~-+=,easy,RESEARCH,simple,walkermatthew@example.net,1929,why,6537,pm,arnoldjesse@example.net,`<`#%,8807,WORK,AFTER,9406,michael64@example.org,<@?<.,4365
*|-:),5042,ryantyler@example.com,PAY,mstewart@example.org,provide,2024-02-04,george11@example.com,4441,Community68,everettmaria@example.com,2021-10-01,^/*|!,elizabeth45@example.com,voice,southern,Team85,Before95,Tax16,martin75@example.com,GREEN,reality,4629,ssosa@example.com,wolfemichelle@example.net,Last39,will,2020-04-09,STREET,Yes18,tammybrandt@example.net,give,force,5939,Require52,williamsjeffrey@example.org,rhonda38@example.net,WITHOUT,7011,and,LEARN,2381,$(]-),""")@-:",=`#%.,2020-04-05,`':'^,last,"!""<),",[~`-}
(:\-/,very,4600,Certain14,TOWN,emily59@example.com,"""+]$(",7311,AGENT,clear,SEEM,5650,RECOGNIZE,6939,2024-04-25,5040,>%:-<,2021-10-14,her,teacher,6930,IMPACT,wear,Step18,mariabryant@example.org,2644,ryan70@example.net,difficult,Hold37,"\:,$$",Red75,alvarezrussell@example.net,",&{,]",when,boyerryan@example.org,]:#_^,SOMETHING,CONTROL,republican,listen,",`]<]",2022-12-18,:|_)>,pmayo@example.org,ythompson@example.net,sign,2024-03-14,dthompson@example.net,INSIDE,1856
<$+<|,._%/],2022-04-20,michellebrewer@example.org,9720,left,5803,8151,QUESTION,stevenobrien@example.org,PLAYER,brendachristian@example.org,1100,Sell18,\`*<>,.::!<,:}!&&,OIL,Career64,"&,>_%",Herself17,purpose,:\[:~,2376,7739,2024-05-09,candidate,enough,|~`!',START,GET,2023-06-21,laura60@example.org,9704,2020-01-08,abigailjackson@example.org,2023-10-06,.}?=',2023-10-27,STORE,jessica78@example.com,Wind33,DRUG,Crime71,+:^=>,power,2020-01-29,ME,Himself50,town
Church13,hour,2022-05-25,ARTICLE,9375,eanderson@example.com,<~[.},katieschwartz@example.net,=`};+,katiemontoya@example.com,9295,Benefit42,lcampos@example.com,sgriffin@example.org,visit,{>*/_,2023-07-15,YOUR,sarahruiz@example.net,STAY,@@?::,.*<:',PRESENT,2748,).|.$,HE,.;;+<,style,2024-04-28,week,2020-08-07,2021-05-07,Machine77,9741,kayala@example.net,6667,7397,2024-02-20,2024-07-04,Believe44,2024-05-04,until,9664,2020-10-23,\%(+[,process,2020-08-04,SOME,HEART,david82@example.org
rrichards@example.net,well,FOUR,Both67,9255,2021-02-19,2021-11-30,denise59@example.net,CHECK,Line32,2020-08-28,On76,7493,1883,2885,jessicaclark@example.org,ago,3609,7625,SOON,MEASURE,try,HUNDRED,movement,6654,2020-06-17,LEARN,2024-03-16,care,&+^).,",%!@\",@&@.?,LIGHT,7906,Political88,become,4046,_^*)+,6653,(:'\\,WHILE,2023-04-21,SAY,Coach15,Win52,your,&~>*?,2023-09-01,8045,```]-
elogan@example.com,seat,2021-05-10,))#%},husband,Where24,2024-03-16,wallsmelissa@example.net,2022-10-18,house,`|/|\,rest,SCHOOL,role,Subject68,-[]}#,alison02@example.net,Brother60,8857,GUESS,4391,Eye28,6034,FEELING,7510,in,DETAIL,Ahead33,record,2023-06-07,($`{',{)&[~,629,9113,!+^@>,trobinson@example.org,debra06@example.net,BUY,Nothing60,growth,6347,jholt@example.org,2024-10-12,garrett72@example.net,7503,johnduncan@example.net,human,",:%{?",2023-12-19,5135
ydominguez@example.org,HOME,management,trip,TEST,word,WORLD,8418,4581,college,word,ethan97@example.org,2022-08-04,nathan79@example.com,rnguyen@example.net,FROM,9301,2024-06-12,(|}).,2023-05-28,PLANT,3585,Leader91,PRODUCT,2024-01-25,`_}_},Little17,+\!;.,jyoung@example.org,\-?$_,2023-06-14,Camera99,2020-06-06,frankmorrison@example.net,2020-05-02,keep,Accept10,GLASS,2022-08-14,PREVENT,257,2022-03-07,$@'-`,big,esalazar@example.org,for,Threat46,4710,because,:;`{/
2023-12-20,rmiller@example.org,Less55,HERE,danielle55@example.org,2022-02-02,?@@}$,Piece53,Off99,2024-10-09,2023-05-15,rwillis@example.org,2024-03-08,Issue10,FIND,{>%/=,Whatever30,PRICE,wish,Different34,pedro94@example.com,isaiahwilliams@example.org,success,9603,7635,Yeah59,2480,AWAY,.)-.>,brian69@example.com,Television56,WINDOW,surface,2023-07-20,.|*\.,Charge93,jerryterry@example.net,Director41,at,==*[&,just,Staff11,even,Be86,1722,smithtony@example.net,Statement74,youngfrederick@example.org,HIT,WHY
Often82,+:*](,2022-08-28,2023-11-10,%@!@%,Government99,2285,)^#.<,Arm77,2024-10-22,2024-04-05,Less83,5631,smile,9918,Him47,RETURN,@'{/#,Whether35,garciabeverly@example.net,"`>&""$",2054,Toward81,AROUND,tmorales@example.com,2024-01-04,finally,2021-03-29,!}!&&,whole,7513,642,FIRM,%@;/@,THERE,EAST,";#,._",2022-02-11,2023-03-08,2022-06-18,sextonjoel@example.net,visit,hotel,responsibility,tough,Report34,ONTO,PARTICULAR,}%/*[,3934
{}'`&,WHOM,"=""?:[",Land80,lauren69@example.net,PEACE,886,leslie60@example.net,hospital,~%>{`,6366,3301,~]?\<,2484,9471,adrian30@example.net,$)-%%,culture,"~!){,",&=.-},4213,8842,2020-07-16,2020-04-22,beyond,2680,case,2023-07-04,CASE,?/*]>,COURSE,Arm73,both,TROUBLE,ALL,WHICH,"_""^+'",EXPLAIN,Natural17,Local71,Boy25,LOSE,Production36,Risk87,DAUGHTER,Discuss65,major,2022-07-20,FORM,2023-04-11
[&#..,-]</$,WIND,Lose18,2020-07-30,create,~{~-<,RIGHT,2024-05-21,"%""=`=",michael84@example.net,Personal11,1477,recent,economy,VERY,4748,jprice@example.net,bethany50@example.net,2024-06-15,2020-05-17,.:|({,"[/=,?",2728,ENJOY,2024-03-28,official,amanda35@example.net,BECOME,Easy23,joshualarson@example.com,FOUR,2024-12-18,#;|$!,party,activity,scotthurley@example.com,*!;-?,simply,Care97,8755,\/#+_,AREA,Bad86,2270,Professional29,5124,+'<;.,THESE,georgejennifer@example.org
adam23@example.com,752,~-?+~,FEDERAL,9841,pull,story,job,personal,Animal76,fund,7252,grow,During41,`/:/^,eye,table,Campaign33,2022-02-17,2024-10-29,5336,Research95,COST,hit,SIZE,old,"(|#},",Benefit52,WEEK,patelamber@example.net,)@^_<,2021-02-09,HEAD,wlang@example.org,")""-[&",2023-06-05,2023-09-11,2021-09-18,service,ball,Here99,1064,$\%:},Note31,she,2022-06-25,2020-02-15,duanegarcia@example.com,performance,"[}'>,"
Until71,smithscott@example.org,END,2023-01-27,it,katherine27@example.org,2020-03-25,2021-02-21,impact,2021-06-21,CUP,CREATE,"),""%~",1155,lorettawilliams@example.org,5815,Tough66,"""""$!%",2024-11-25,larsonhannah@example.net,point,gary58@example.com,pay,GOAL,2023-01-04,2023-05-15,Spend40,Simply24,";],`*",ONLY,SONG,GOAL,2024-06-07,sandracarter@example.net,mwatson@example.net,once,current,2024-09-25,vcastaneda@example.com,why,robertbradshaw@example.org,james32@example.com,2023-12-17,WRITE,rule,4785,Treatment77,rossronald@example.org,TABLE,107
Recent42,%)?*:,Attention57,IF,saracopeland@example.net,2024-04-20,2021-10-27,2022-09-23,jared46@example.org,mariajenkins@example.org,;#_*<,SERVICE,{:=;',ywilson@example.com,#<)--,".^}]""",DESCRIBE,Firm74,Star29,510,7312,Mouth47,2046,"{""^>""",Perhaps95,Mention27,them,%;];`,WAIT,Stuff88,tammy63@example.org,'!_%-,nicole99@example.org,2020-02-08,INVOLVE,Until30,pwilliams@example.org,PERSONAL,2021-12-04,animal,BREAK,2021-09-06,Painting47,sandrade@example.com,jenniferjackson@example.org,%;:_?,2021-09-15,brianvega@example.net,":,]+'",@\~'}
MEDIA,2022-01-12,gutierrezmatthew@example.net,5322,8474,1981,drug,Away95,"""'\?)",FROM,SINCE,Middle71,5685,{<{-),FORM,CAMPAIGN,SOUND,campaign,mouth,"\\\,""",2020-05-27,2021-05-08,MATTER,Fire67,8211,1957,crime,In55,8258,ykelley@example.net,Check33,mdalton@example.com,Clear80,Century60,Learn78,OFFICE,rstewart@example.com,^{$!<,Let49,@;$_$,1777,Treat90,#<(].,mccoytammy@example.com,yeah,^$~[{,williamsanchez@example.org,COURSE,ibarracrystal@example.org,floresbrian@example.com
mean,2024-04-15,collinstrevor@example.net,6134,~]/+;,ortiznatalie@example.org,7794,+}>^[,I,"`'.,*",cummingstammy@example.net,mfrost@example.net,4027,Add91,keep,newspaper,OF,those,Future40,2022-05-31,",}*:'",2024-03-10,Dream44,EXPERIENCE,hard,reflect,Each59,2020-02-10,andradetimothy@example.net,bcummings@example.com,\}\[.,$)-^|,Paper12,become,9994,Away51,nicole15@example.com,MANAGE,4736,Thank84,:^'<+,anthony38@example.com,IDEA,2023-05-25,Perhaps17,GLASS,HAPPEN,9574,NUMBER,`-}<?
]#*$],before,sing,cultural,josevalenzuela@example.net,INDUSTRY,6388,2022-04-28,dwayne86@example.com,gregorydonna@example.net,mind,budget,About39,6579,ymassey@example.net,Common30,SIX,}->=+,Difficult13,Control66,kimberly42@example.org,CUT,Radio53,"?=(,_",Say68,AMONG,2021-05-20,4359,Its87,HIM,397,question,their,During36,284,2021-09-01,Prepare89,Election13,2020-12-14,882,longlogan@example.com,carrollmatthew@example.net,karen91@example.org,}=>]#,647,brandtrachel@example.net,TRIP,3953,Large70,BLOOD
door,|#@<!,Court68,nation,1060,273,Must57,HUNDRED,TERM,Drop14,With45,4556,evening,8465,2278,certain,4469,=-!@#,MONEY,2020-01-28,2024-01-14,2023-01-31,8197,strategy,POSITIVE,[<[`&,2024-08-08,2024-07-09,\>|@[,tmay@example.net,3496,2853,singletonrussell@example.com,BROTHER,%`&{[,2024-07-31,9232,form,karenmccarty@example.com,1125,Media95,Sister64,WILL,tpage@example.com,Standard81,2024-12-19,SPACE,Better21,"(-,,:",2048
item,">""~&|",887,save,2023-08-12,ACROSS,joycejonathan@example.com,ADD,8080,Return27,SPECIFIC,4859,tristan13@example.net,MISSION,{\\->,"""?->&",+<~]<,LEADER,AMONG,BAD,Hold90,music,holtmelissa@example.net,your,2022-08-07,1817,laura37@example.com,3864,evidence,ITSELF,2022-01-27,recent,6751,Job14,leemcclain@example.net,For58,bank,Understand86,UNIT,(.{`+,diana56@example.org,nguyenantonio@example.net,campaign,window,INSIDE,Become43,Practice61,5956,Inside47,2023-08-18
"^"")[\",letter,2022-11-22,EIGHT,COMPANY,pwilliams@example.com,copelandmary@example.org,poor,girl,LEFT,williamschad@example.net,2020-12-28,Act26,2021-03-11,six,1852,4194,8568,Chair99,EASY,2021-07-14,Total23,thall@example.org,#%;)`,Analysis18,danielcampbell@example.org,Available26,<?)`),2807,bakerryan@example.org,7377,xdixon@example.net,BIT,>+&!/,goal,samanthamorgan@example.org,2020-05-06,6420,dmorales@example.com,omiller@example.org,2022-07-17,Foot39,4835,ARM,WIND,<{@\{,2023-05-18,2024-10-14,2555,people
HIS,Himself25,He27,Water55,MIGHT,-.\-.,wait,Although63,Agree86,rebeccaray@example.org,pricebrian@example.org,these,qsullivan@example.org,I85,Identify43,song,ANIMAL,join,<:/(*,'_[^;,#[[~?,david15@example.com,often,reyestyler@example.org,%.`}{,5559,Car20,answer,!#~?@,"""<*[<",2024-03-08,jack11@example.net,:#[\/,2021-09-07,AGREEMENT,2021-02-03,murraymario@example.com,PUT,brandianthony@example.com,PUT,Amount61,annfoster@example.com,THE,HAPPY,Third89,VIEW,School60,2022-11-29,ANYTHING,590
less,#{(/>,trouble,2022-10-26,her,meagangordon@example.com,KNOWLEDGE,][={`,CONCERN,HOUSE,5580,MOMENT,{*$^',SMILE,7576,danieljohnson@example.org,become,2023-02-25,When79,#_/<`,2020-07-09,9459,2021-06-16,2022-08-03,Heavy51,2024-10-08,matter,LEG,=&:(!,2022-03-16,Suddenly26,Evening21,CONTROL,hannahrogers@example.org,2023-01-30,sarah83@example.org,2020-11-20,2023-09-04,+]|;;,MINUTE,2013,2020-05-10,2857,MAY,2020-03-25,bergjessica@example.org,EMPLOYEE,2023-11-05,Since96,they
williamsdawn@example.org,wjohnson@example.com,WONDER,susancortez@example.net,2023-01-23,MILITARY,CHARACTER,1643,&+}#',2847,764,2022-09-19,According88,ruthwoods@example.org,billion,williamsnyder@example.net,4885,2023-01-13,adamsrenee@example.com,TRIAL,shoulder,9765,%?.}*,:;.+[,MUST,2023-10-05,Fly29,2024-09-24,key,8296,2022-05-02,Your73,"+%`'""",4140,series,~+\^%,7915,~</<(,979,^=(-],Best76,crystalburch@example.com,2020-07-03,wallacetiffany@example.org,cwilliams@example.net,COULD,"},-$%",Art13,DEGREE,Couple69
OFF,visit,Me60,noahconner@example.net,2021-09-27,agency,TRY,jfarrell@example.net,Card73,2020-01-18,]@#@+,CHILD,Action51,3128,2021-10-19,".\,,,",-%'*.,ball,2021-04-20,LEARN,Full79,harveytamara@example.net,'@;:#,Job59,Wrong57,ROOM,Thank63,"@%,,|",icummings@example.com,2021-06-15,7681,9334,`=(*/,Behavior50,FORCE,2022-07-31,ysmith@example.net,Seven30,"<}""-\","""+|)-",Manage43,Part45,By70,2022-11-04,These46,enter,@|^-<,jessicajohnson@example.net,"~&[,=",2022-10-31
SPRING,2021-02-18,*\(>&,among,save,whiterobert@example.net,7875,;~<*-,ismith@example.com,%@<'/,Section98,MOVIE,5133,At40,RECOGNIZE,6907,?[|!(,2020-10-21,2024-05-20,drive,rbarnes@example.org,Bed97,5986,hour,4739,9973,!.$$),Defense83,art,inside,religious,6615,population,material,Everyone37,9735,2842,2023-11-23,":<""*/",millercathy@example.com,know,Participant93,campaign,THEM,ARTIST,2022-09-29,Road46,heart,PERHAPS,without
EITHER,employee,{*<-(,Only32,movement,victoria54@example.org,2024-07-20,4701,3280,jcastillo@example.com,offer,riddlerobert@example.com,Including36,why,5798,expect,generation,Sort94,Argue21,WORK,Enter46,recognize,897,Pm82,gary98@example.com,SORT,Tough90,mday@example.net,According39,WANT,2022-05-05,FILM,"`:,`'",8301,society,6527,fmcintyre@example.com,`>`#(,2024-11-19,"@,&!""",2022-04-30,5959,8869,oconnorjohn@example.com,measure,?(_~),meet,johnsondiane@example.net,>+!&],181
TWO,okramer@example.org,particularly,6078,give,aadams@example.org,Threat21,.}&@:,2024-03-26,6720,house,ELECTION,8498,2022-06-01,IDEA,prevent,ANSWER,powerstimothy@example.com,1592,1253,2022-09-12,8053,marysmith@example.com,6691,yeah,davidcarter@example.org,davidcline@example.com,(=#}`,town,HIS,smallkristen@example.com,Boy75,skin,ruth41@example.com,]&(\.,1784,2024-12-07,347,2024-04-30,HOT,Rich54,=}<}_,@[\*&,ITS,Run41,WHAT,"^.<""#",2022-06-17,Resource58,hhaley@example.com
customer,Add23,2022-09-17,Your35,Rich26,"""\~>)",1075,CENTURY,2023-11-04,$%*~=,Executive72,Suddenly66,2020-03-03,gwhitney@example.org,5858,seanholmes@example.com,BEHIND,ryan64@example.net,2024-05-09,5652,moorealan@example.com,Ready39,mitchellkevin@example.com,Play75,Doctor95,#=)+@,Quality71,"*""+@/",church,marcus43@example.com,[?^>},6578,jeremy44@example.net,$<&*|,he,DEAL,TRY,PARTY,",&'/<",$:_}~,2020-04-10,Necessary95,""";_(!",WHOLE,{}|]-,`%_;.,Financial58,Name44,Apply88,'_+.&
since,$|__#,"|,?%@",martinezlindsey@example.net,walkeremily@example.net,$=\(~,Include13,2021-10-28,sister,williamspamela@example.net,6447,Admit56,best,6251,rodriguezjohn@example.com,.}!:.,CLEARLY,STUFF,"/""]*@",thing,2022-03-14,}/!'^,_.?!(,ball,\-$-#,FRONT,METHOD,2021-11-15,Appear62,1368,image,2023-05-10,FATHER,threat,2146,FINANCIAL,%!!?:,1271,2024-05-05,Difficult39,rhondasimmons@example.net,|^_%^,2022-09-04,MISS,suddenly,;``;>,aliciacalderon@example.com,Resource21,NATURE,2024-09-18
SOCIAL,jeffreypayne@example.org,2024-08-30,early,six,2024-08-13,",#<!(",you,west,2022-11-05,']&/},military,2023-05-31,2024-08-21,include,SOMEONE,OFFICER,mind,any,=#({[,andreacarlson@example.org,administration,ten,jenniferalvarez@example.com,2352,3637,%:!*(,DEBATE,Product32,direction,christopherpierce@example.net,LANGUAGE,3822,(-;!:,but,PLAN,FINAL,3922,""">%#]",7493,2024-06-26,WONDER,joshua79@example.com,melissa36@example.com,;~$[!,"('],~",keep,fast,Push36,PHYSICAL
2024-04-18,Front93,she,gjones@example.org,Able68,Democratic28,all,"=^,""*",AGAIN,2023-11-06,vedwards@example.org,LOSE,realize,shermanwilliam@example.org,171,4765,@&}\`,wide,2022-07-14,6621,9238,cup,6608,2021-03-30,2022-07-28,BECOME,health,Music29,2020-06-03,Task67,3237,9040,2024-12-03,Local45,bradywilliams@example.org,Trip86,after,FUTURE,2020-10-16,2023-11-17,2020-12-28,Child95,World95,ytucker@example.com,9183,COST,jason10@example.net,PROCESS,church,MORE
SENSE,^>{#>,margaretwhite@example.com,kirk75@example.com,4543,Threat50,735,2021-07-07,2020-03-25,5691,9092,">#_""!",PROPERTY,EVIDENCE,6278,3543,WAY,\<?&*,rather,BEYOND,vincentrobyn@example.com,sheri59@example.com,9508,kennedymelissa@example.com,very,huge,expect,8321,dinner,4535,ngomez@example.net,2020-04-09,decide,(#$+_,anything,tonyayoung@example.com,pdudley@example.org,|}=:@,2021-05-05,SAY,james40@example.org,3484,408,4124,3490,INCREASE,6645,anna35@example.com,?^|*?,tpatterson@example.net
murphychristina@example.net,LAND,agency,april05@example.org,|:-'',=<#'>,2753,Product62,Image66,.[#:],SUCCESS,2023-02-24,3400,christinemoore@example.net,REACH,DIFFICULT,2022-01-20,2020-09-23,CHALLENGE,main,3300,Blue63,2022-07-28,todd34@example.net,DURING,WOULD,AGAIN,"^)'""`",8990,mwilliams@example.org,5533,2023-08-02,Animal50,qjohnson@example.net,official,2022-12-02,Official71,YEAR,bcook@example.org,stuff,EFFECT,2022-03-17,smile,Win13,Letter79,Arm22,EAT,2021-03-25,after,;[/=`
7092,8133,CHALLENGE,PERSONAL,julia38@example.net,huge,THEMSELVES,=?#(},clarkronald@example.com,APPEAR,donna33@example.com,6064,PASS,3272,^\>\<,Occur64,Cost15,2020-04-08,DIRECTION,law,michellebrown@example.net,The39,Section80,Design57,recent,military,fire,"`=,%\",qgrant@example.net,Performance52,Whom58,public,2023-05-30,#)@!-,About74,ASSUME,tjohnson@example.net,2023-07-31,PROCESS,Hot68,sound,8158,2020-10-26,cfields@example.com,2022-08-20,EVENT,"{@""],",2020-09-11,worry,POPULAR
2021-11-03,"/,""=[",4414,2020-03-14,service,NECESSARY,2140,christopher13@example.org,=:#^`,hdiaz@example.org,2023-11-14,Require64,family,Stuff21,Move96,nancy75@example.org,4212,State22,8036,",^/"",",Member60,THOUGH,art,richardconway@example.com,2023-02-07,LAUGH,ever,Bring57,"<("";/",Better56,:]~~@,their,lisa57@example.com,interview,connerrobert@example.net,(+`?#,2021-07-07,Increase99,6805,IT,<#%]?,1905,HOME,2020-09-13,"!""'|}",?'\)^,2024-06-29,HAPPEN,2020-03-21,^=!>[
Name31,160,3905,Quickly95,victoriamiller@example.net,"_[?,,",enjoy,4071,2023-03-09,"{/.`""",2022-12-27,ARTICLE,2024-06-23,"|(!(""",8879,Month55,"&""_>+",They65,assume,mean,rogerskelly@example.com,2021-12-24,Shake72,2022-07-24,parent,2024-11-21,2022-06-05,4741,Standard74,policy,6679,Mind81,book,#<$*>,adam68@example.net,Case88,donaldhenry@example.org,7936,our,"]-(""!",lisa70@example.net,Hotel86,^<./{,lindajones@example.org,~!:_},IN,5152,}!(-|,despite,9650
srose@example.net,four,Fill38,third,dmorales@example.net,smithjesse@example.org,QUICKLY,Son44,jbaker@example.net,2020-04-20,2282,Realize13,CRIME,2020-08-13,~=_%{,&$'&`,do,Actually94,TEACH,7443,2024-07-10,mary95@example.com,}>.|$,2023-02-06,AMONG,!}%{+,FEW,!=|)),martinadam@example.com,julia93@example.com,gregorycarrie@example.net,2021-04-20,2023-07-05,CAR,Pattern18,${~#+,Plant19,6879,christopher27@example.org,-{(`/,Indicate94,/{\{/,2020-07-08,[+#{],MUCH,Anyone67,angelawatson@example.net,NUMBER,{(}:),Race27
2022-09-09,4027,",^_@#",Choose52,'*&'@,}!)[%,development,AND,thousand,Natural31,usually,gomeztracy@example.org,2705,Way51,chavezsteven@example.net,freemansheila@example.org,kingjohn@example.org,2023-10-01,pretty,thomas28@example.com,CHOOSE,@%`%*,Rate98,2021-03-21,2023-08-30,ubarker@example.com,bridgetray@example.com,CAUSE,OUTSIDE,shake,|}}<<,EXPERIENCE,@!<]=,SAY,FEEL,".$,""%",congress,1380,Door52,.@+{),Response12,explain,far,2021-06-19,2024-10-11,2022-05-30,6413,2020-06-09,2020-04-26,3941
WORKER,4847,2022-04-23,2020-03-20,near,either,2023-09-14,2021-01-10,Enter90,"*-#"".",5442,2021-01-05,tlowe@example.org,820,7882,OK,2020-02-09,2022-05-07,orobertson@example.com,two,vanessa77@example.org,many,phillipsdavid@example.org,8826,#_\?=,Arm31,Above43,johnnykeith@example.org,rgarza@example.com,sharonsmith@example.com,careystephen@example.com,MEETING,cgallagher@example.net,1059,teresa29@example.net,brianleblanc@example.com,2022-03-27,ARRIVE,meganbradley@example.com,easy,-+$\^,create,6547,Ahead49,RELIGIOUS,2022-08-13,Behind97,2022-06-25,ATTENTION,AVOID
9476,maureen88@example.net,"#]&,@",8291,2020-05-19,@&&&',"+"",*}",2021-07-06,Arm58,ACCORDING,2020-07-25,2021-11-12,Tonight73,2435,Suddenly15,juliewoods@example.net,SECOND,PAPER,Mind39,ugomez@example.com,culture,1190,THOSE,8320,huntermelissa@example.com,before,&|.\\,2020-03-14,"^_:""^",Listen51,`-:#-,cortezheather@example.com,early,_/.[(,2024-08-08,qsanders@example.org,standard,LOCAL,bwalker@example.com,olsonjustin@example.com,"'.,,%",FORMER,elizabethchen@example.com,POPULAR,BORN,(~(=^,911,amount,\?$[?,[?*'^
8235,environment,+\!:?,2023-10-16,*$'=[,4058,2020-10-14,:*%+(,2020-05-21,SUGGEST,mission,2020-10-04,wonder,julie73@example.org,Lead75,pamela80@example.net,2023-02-04,Movement10,2023-01-28,\-^]/,sport,worker,APPROACH,2021-10-30,VIEW,2022-03-31,4987,}&%-$,MUCH,2023-01-13,SHE,6931,2020-02-23,9730,particularly,foot,suggest,denisecarr@example.org,military,#=/!~,quality,;]-&>,2483,2023-10-07,]]>/?,OWN,hawkinsmercedes@example.net,CONFERENCE,=^_^},could
Your60,2021-10-17,?~:^*,",`+[]",534,]$<(%,Thus62,DEGREE,LIFE,dennishoward@example.com,2023-09-10,8059,lauracastaneda@example.com,Lawyer42,bank,2021-12-15,3566,dianarowland@example.net,#\\[;,^!}[.,~'_.@,anthony00@example.org,2024-11-10,CITY,Key54,WHEN,WALL,abaker@example.org,INVESTMENT,Measure96,[^'=],Option29,2023-03-11,Special88,9766,SPECIAL,skill,2022-07-01,<*)&(,2024-10-29,895,"}$"">+",PREVENT,ericastewart@example.com,care,MOVEMENT,paulcastillo@example.org,white,2768,WITHIN
WHETHER,2020-06-09,2023-07-29,tyler63@example.org,WHERE,2024-07-17,Recognize84,7082,9465,worry,304,GAME,INSIDE,2020-04-03,rogerseric@example.org,heathermiller@example.net,voice,*:.`\,2022-05-09,MR,parent,calvin33@example.net,2021-01-30,LESS,2023-09-02,*~(`&,`];|),~-'<$,8217,uschmitt@example.net,2024-04-13,7167,6823,rossjeffrey@example.com,2021-08-07,Place22,2638,dark,~*<._,Those46,zavalacrystal@example.net,&_[>=,ariel89@example.net,?~|-],=[:%/,jprince@example.com,EXAMPLE,&']/~,emilyhogan@example.com,";.,~'"
2022-04-24,PICTURE,now,base,2020-07-03,sjimenez@example.com,2022-11-13,megan72@example.com,All68,piece,7136,9152,manningjoseph@example.org,9724,2024-05-29,CLASS,1559,6527,2022-12-25,!+:;@,SPORT,short,various,INTERESTING,kelseyrice@example.net,adamsanchez@example.org,message,Or83,amberadams@example.com,gomezdaniel@example.org,Pretty34,2023-11-14,expert,you,black,DIRECTION,?**`',8524,Rate39,him,2023-12-15,2024-12-07,TONIGHT,UNTIL,9394,FEAR,provide,2024-04-29,"'{}',",]%>~-
2021-07-05,+%_?*,2023-03-05,6141,4045,2022-08-23,9753,'%{-),Idea16,8453,toddwhitney@example.net,"[""'({",662,AS,position,police,side,Across28,7736,%\+\',Less49,"<!'!""",+=/@`,2021-05-26,EAST,2023-08-31,"}\|,""",2024-04-21,2023-09-08,ACT,SURFACE,Share17,Or67,""":>~)",8628,2021-11-26,2021-11-08,8368,7693,6859,Base95,%~%+!,9097,2022-10-10,obrienjason@example.com,{)|)~,Leader58,2023-07-24,DREAM,3396
war,project,2024-01-20,4435,Better84,SERVICE,7603,CAUSE,matthewdorsey@example.org,walk,&=@-[,2024-04-08,politics,2020-04-14,Sing76,luke34@example.org,christinacurry@example.org,TRUTH,STAND,qbonilla@example.net,avoid,Yard55,stacyoconnor@example.org,eye,|{/;-,{<_^=,kitchen,'=*~&,through,family,prevent,548,COLLECTION,Effort17,Television29,6228,Player35,visit,food,3132,pick,Agreement19,"&,('%",ME,NECESSARY,jacqueline52@example.net,authority,jennacarter@example.com,2021-07-21,Prepare96
FALL,7316,rest,Across83,Body42,ROOM,",|_\`",CONSIDER,serve,Two60,CAN,2924,2023-07-12,NUMBER,Week29,2020-11-28,far,3602,2022-01-10,melvinpeterson@example.org,last,2022-05-04,%*$/*,Tax36,4605,5599,POSITION,Fast32,2023-02-07,APPEAR,+&/).,Help62,Everybody67,:{&~`,1637,1163,murraytheresa@example.org,2024-12-18,call,8008,2024-03-17,purpose,"~""}_'",elizabethlarson@example.org,level,population,wrobinson@example.org,5036,`]-$^,History89
likely,2023-05-28,ANYONE,9085,2024-03-12,mary84@example.org,THROUGH,Teach34,2023-03-03,"<;,)|",hogandavid@example.com,<<$`.,7722,",?|$-",NEED,BROTHER,simondonald@example.com,jbuck@example.org,9107,INDUSTRY,2024-06-02,263,Agree88,Perhaps47,2020-02-05,with,daughter,Central90,Ten60,Test82,ljohnson@example.org,tracy51@example.com,dickersondonna@example.org,^__-_,2023-12-11,SUDDENLY,7394,according,IMAGE,2022-07-05,WIND,role,vanessa05@example.net,Near27,6989,8109,}^>#:,2024-03-31,ANOTHER,Position43
2021-12-17,johnwarren@example.net,9016,WAY,julieneal@example.net,571,plant,2020-07-22,2023-12-24,late,2020-07-19,.\~*',2024-06-08,8518,moralesmarisa@example.org,Total76,ARM,:=!!',DOG,Red48,belllatoya@example.com,fvalencia@example.net,mariaanderson@example.com,2021-01-01,2021-01-21,1896,its,nrivera@example.com,prepare,SENIOR,UP,Send41,decade,2023-09-11,"%>}|""",Surface68,mind,kaylarivera@example.com,huangmatthew@example.com,2021-09-08,MEAN,nicholasho@example.org,NAME,Truth42,2022-06-19,2022-06-09,2021-03-07,central,4813,2023-12-07
Final52,Thousand59,DIRECTOR,7506,WITH,jimenezbrittany@example.net,floresholly@example.com,5748,3127,josephsmith@example.org,Total45,time,piercelevi@example.net,Listen28,WHICH,Marriage24,PAST,ENVIRONMENTAL,6822,panderson@example.net,3213,6504,FOCUS,BABY,3826,campbelllaura@example.net,2711,4465,Coach30,SCIENTIST,+?^-(,WANT,REALITY,Knowledge55,jessica50@example.org,Their83,all,environmental,Present39,serious,"~""""/$",1445,|^>_;,237,RESOURCE,6437,affect,during,Story84,2020-05-06
2023-10-22,Sort52,THANK,RETURN,chelsea37@example.net,2021-03-14,SCIENTIST,3730,two,tend,RATE,lay,"]&""=:",ejohnston@example.com,car,really,WRITE,MODERN,PLAYER,5343,qbass@example.net,"""{&{~",2022-06-12,2020-05-15,Choice25,SPEECH,work,NOTE,jon00@example.org,avoid,Because40,2022-09-16,Space61,rwilson@example.com,1020,2020-05-22,cfloyd@example.org,NOR,1697,2020-02-11,Walk90,8621,&]'+|,/.=`#,"@$=>,",|~)]`,2022-03-03,AND,2021-05-02,laurenhicks@example.org
bonnie51@example.org,1371,!?%.>,2022-07-03,7989,{>%>:,AFTER,2021-09-06,Begin52,Might22,2024-08-16,Decade84,ADMIT,!-|[),fund,LEARN,4188,2021-11-16,Figure31,Former95,2020-12-29,Real72,2020-11-03,6563,Board20,east,gibsonstephanie@example.net,2020-03-01,job,shirleyhernandez@example.net,COUNTRY,ARTICLE,shawlarry@example.com,2021-06-20,_~?+},`(:~?,ENTER,toddrobert@example.org,2023-12-11,Seven54,YES,WHETHER,beautiful,1408,garyvelazquez@example.org,2021-09-21,still,2021-03-29,2020-04-02,Sign68
2023-10-14,!:(#^,guess,@!+{&,_-'`!,)`/<&,&^]':,2989,INVESTMENT,PROTECT,GREEN,2024-01-19,Be14,3761,)>|=.,?|!}~,6348,Member54,BLACK,",@!!""",.^@}*,&++=<,maybe,7064,deep,4002,EVEN,INCREASE,ianderson@example.com,2024-01-08,TOWN,162,'=+!),/+?~&,2023-11-20,MYSELF,SPORT,To66,Class95,2020-06-30,WIND,ok,8818,SUCH,2559,2020-01-22,Chance47,")""/[=",khanjacqueline@example.net,MISSION
